{
  "error_rate": 0.8225842051825365,
  "errors": 18634,
  "length": 22653,
  "insertions": 7167,
  "deletions": 9766,
  "substitutions": 1701,
  "reference_self_overlap": {
    "overlap_rate": 1.814332572895829756420543213E-7,
    "overlap_time": 0.00310000000386,
    "total_time": 17086.172899999999500
  },
  "hypothesis_self_overlap": {
    "overlap_rate": 0E+4,
    "overlap_time": 0,
    "total_time": 17114.6640
  },
  "missed_speaker": 0,
  "falarm_speaker": 0,
  "scored_speaker": 10,
  "assignment": null
}